"0","readxl::read_excel(""participant_data/module1/ship_manifest.xlsx"")"
"1","[38;5;252mNew names:
[36m•[38;5;252m `` -> `...2`
[36m•[38;5;252m `` -> `...3`
[36m•[38;5;252m `` -> `...4`
[36m•[38;5;252m `` -> `...5`
[36m•[38;5;252m `` -> `...6`
[36m•[38;5;252m `` -> `...7`
[36m•[38;5;252m `` -> `...8`
[36m•[38;5;252m `` -> `...9`
[36m•[38;5;252m `` -> `...10`
[36m•[38;5;252m `` -> `...11`
[36m•[38;5;252m `` -> `...12`
[36m•[38;5;252m `` -> `...13`
[36m•[38;5;252m `` -> `...14`
[36m•[38;5;252m `` -> `...15`
[36m•[38;5;252m `` -> `...16`[39m
"
